condition,round,same_fee_rate,mean_fee_expenditure,mean_welfare,mean_wait_after,priority_alignment
complete,1,0.02968,2.80235,3.32471,0.5,0.9844711458506569
complete,2,0.02853,2.95648,2.6916,0.73701,0.98499
complete,3,0.02928,2.95633,1.77814,0.740295,0.9846358509302805
incomplete,1,0.5046,1.87191,4.22792,0.5,0.9699334404406702
incomplete,2,0.4536,2.37914,2.58602,0.62368,0.75082
incomplete,3,0.04246,2.80531,2.35698,0.52002,0.9658806995627732
signal,1,0.059,2.66332,3.45679,0.5,0.9835793629128783
signal,2,0.03895,2.86814,2.75671,0.73156,0.97707
signal,3,0.05799,2.90545,1.82048,0.71756,0.981729888216969
