signal_follow,same_fee_rate,priority_alignment,mean_fee_expenditure,mean_welfare,mean_wait_after
0.0,0.3332222222222222,0.8714904088469863,2.3506555555555555,3.056922222222222,0.5476277777777778
0.1,0.2844111111111111,0.8893337967090252,2.4057555555555554,3.0108333333333333,0.5612277777777778
0.2,0.23958888888888888,0.9049930119334675,2.4574333333333334,2.962711111111111,0.5747055555555556
0.30000000000000004,0.19992222222222222,0.9226923317292669,2.5074111111111113,2.9173555555555555,0.5892222222222222
0.4,0.16335555555555556,0.9374098552929802,2.5621222222222224,2.884611111111111,0.6049666666666667
0.5,0.13324444444444444,0.9485930389077624,2.612111111111111,2.8398333333333334,0.6138666666666667
0.6000000000000001,0.10595555555555555,0.9596723275429423,2.6707111111111113,2.794122222222222,0.6269888888888889
0.7000000000000001,0.0802888888888889,0.9691226923705277,2.7274666666666665,2.7544444444444443,0.6377944444444444
0.8,0.0598,0.9769820130873696,2.784911111111111,2.699911111111111,0.6472388888888889
0.9,0.042555555555555555,0.9817758629227951,2.8444333333333334,2.657011111111111,0.6542333333333333
1.0,0.030166666666666668,0.9854148731872061,2.9058777777777776,2.6081,0.6598388888888889
